<?xml version="1.0" encoding="UTF-8"?>
<!DOCTYPE mapper PUBLIC "-//mybatis.org//DTD Mapper 3.0//EN" "http://mybatis.org/dtd/mybatis-3-mapper.dtd">
<mapper namespace="com.quanxiaoha.xiaohashu.data.align.domain.mapper.DeleteMapper">

    <delete id="batchDeleteDataAlignFollowingCountTempTable" parameterType="list">
        delete from `t_data_align_following_count_temp_${tableNameSuffix}`
        where user_id in
        <foreach collection="userIds" open="(" item="userId" close=")" separator=",">
            #{userId}
        </foreach>
    </delete>

    <delete id="batchDeleteDataAlignFansCountTempTable" parameterType="list">
        delete from `t_data_align_fans_count_temp_${tableNameSuffix}`
        where user_id in
        <foreach collection="userIds" open="(" item="userId" close=")" separator=",">
            #{userId}
        </foreach>
    </delete>

    <delete id="batchDeleteDataAlignUserLikeCountTempTable" parameterType="list">
        delete from `t_data_align_user_like_count_temp_${tableNameSuffix}`
        where user_id in
        <foreach collection="userIds" open="(" item="userId" close=")" separator=",">
            #{userId}
        </foreach>
    </delete>

    <delete id="batchDeleteDataAlignUserCollectCountTempTable" parameterType="list">
        delete from `t_data_align_user_collect_count_temp_${tableNameSuffix}`
        where user_id in
        <foreach collection="userIds" open="(" item="userId" close=")" separator=",">
            #{userId}
        </foreach>
    </delete>

    <delete id="batchDeleteDataAlignNotePublishCountTempTable" parameterType="list">
        delete from `t_data_align_note_publish_count_temp_${tableNameSuffix}`
        where user_id in
        <foreach collection="userIds" open="(" item="userId" close=")" separator=",">
            #{userId}
        </foreach>
    </delete>

    <delete id="batchDeleteDataAlignNoteLikeCountTempTable" parameterType="list">
        delete from `t_data_align_note_like_count_temp_${tableNameSuffix}`
        where note_id in
        <foreach collection="noteIds" open="(" item="noteId" close=")" separator=",">
            #{noteId}
        </foreach>
    </delete>

    <delete id="batchDeleteDataAlignNoteCollectCountTempTable" parameterType="list">
        delete from `t_data_align_note_collect_count_temp_${tableNameSuffix}`
        where note_id in
        <foreach collection="noteIds" open="(" item="noteId" close=")" separator=",">
            #{noteId}
        </foreach>
    </delete>

</mapper>