<?xml version="1.0" encoding="UTF-8"?>
<!DOCTYPE mapper PUBLIC "-//mybatis.org//DTD Mapper 3.0//EN" "http://mybatis.org/dtd/mybatis-3-mapper.dtd">
<mapper namespace="com.quanxiaoha.xiaohashu.data.align.domain.mapper.SelectMapper">

    <select id="selectBatchFromDataAlignFollowingCountTempTable" resultType="long" parameterType="map">
        select user_id from `t_data_align_following_count_temp_${tableNameSuffix}` order by id
        limit #{batchSize}
    </select>

    <select id="selectBatchFromDataAlignFansCountTempTable" resultType="long" parameterType="map">
        select user_id from `t_data_align_fans_count_temp_${tableNameSuffix}` order by id
            limit #{batchSize}
    </select>

    <select id="selectBatchFromDataAlignUserLikeCountTempTable" resultType="long" parameterType="map">
        select user_id from `t_data_align_user_like_count_temp_${tableNameSuffix}` order by id
            limit #{batchSize}
    </select>

    <select id="selectBatchFromDataAlignUserCollectCountTempTable" resultType="long" parameterType="map">
        select user_id from `t_data_align_user_collect_count_temp_${tableNameSuffix}` order by id
            limit #{batchSize}
    </select>

    <select id="selectUserLikeCountFromNoteLikeTableByUserId" parameterType="map" resultType="int">
        select count(*) from t_note_like where status = 1 and note_id in (
            select note_id from t_note where creator_id = #{userId}
        )
    </select>

    <select id="selectUserCollectCountFromNoteCollectionTableByUserId" parameterType="map" resultType="int">
        select count(*) from t_note_collection where status = 1 and note_id in (
            select note_id from t_note where creator_id = #{userId}
            )
    </select>

    <select id="selectCountFromFollowingTableByUserId" parameterType="map" resultType="int">
        select count(*) from t_following where user_id = #{userId}
    </select>

    <select id="selectCountFromFansTableByUserId" parameterType="map" resultType="int">
        select count(*) from t_fans where user_id = #{userId}
    </select>

    <select id="selectBatchFromDataAlignNoteLikeCountTempTable" resultType="long" parameterType="map">
        select note_id from `t_data_align_note_like_count_temp_${tableNameSuffix}` order by id
            limit #{batchSize}
    </select>

    <select id="selectBatchFromDataAlignNotePublishCountTempTable" resultType="long" parameterType="map">
        select user_id from `t_data_align_note_publish_count_temp_${tableNameSuffix}` order by id
            limit #{batchSize}
    </select>


    <select id="selectCountFromNoteLikeTableByUserId" parameterType="map" resultType="int">
        select count(*) from t_note_like where note_id = #{noteId} and status = 1
    </select>

    <select id="selectCountFromNoteTableByUserId" parameterType="map" resultType="int">
        select count(*) from t_note where creator_id = #{userId} and status = 1
    </select>


    <select id="selectBatchFromDataAlignNoteCollectCountTempTable" resultType="long" parameterType="map">
        select note_id from `t_data_align_note_collect_count_temp_${tableNameSuffix}` order by id
            limit #{batchSize}
    </select>

    <select id="selectCountFromNoteCollectionTableByUserId" parameterType="map" resultType="int">
        select count(*) from t_note_collection where note_id = #{noteId} and status = 1
    </select>

</mapper>