<?xml version="1.0" encoding="UTF-8"?>
<!DOCTYPE mapper PUBLIC "-//mybatis.org//DTD Mapper 3.0//EN" "http://mybatis.org/dtd/mybatis-3-mapper.dtd">
<mapper namespace="com.quanxiaoha.xiaohashu.data.align.domain.mapper.UpdateMapper">

    <update id="updateUserFollowingTotalByUserId" parameterType="map">
        update t_user_count set following_total = #{followingTotal}
        where user_id = #{userId}
    </update>

    <update id="updateUserFansTotalByUserId" parameterType="map">
        update t_user_count set fans_total = #{fansTotal}
        where user_id = #{userId}
    </update>

    <update id="updateUserLikeTotalByUserId" parameterType="map">
        update t_user_count set like_total = #{likeTotal}
        where user_id = #{userId}
    </update>

    <update id="updateUserCollectTotalByUserId" parameterType="map">
        update t_user_count set collect_total = #{collectTotal}
        where user_id = #{userId}
    </update>

    <update id="updateUserNoteTotalByUserId" parameterType="map">
        update t_user_count set note_total = #{noteTotal}
        where user_id = #{userId}
    </update>

    <update id="updateNoteLikeTotalByUserId" parameterType="map">
        update t_note_count set like_total = #{noteLikeTotal}
        where note_id = #{noteId}
    </update>

    <update id="updateNoteCollectTotalByUserId" parameterType="map">
        update t_note_count set collect_total = #{noteCollectTotal}
        where note_id = #{noteId}
    </update>

</mapper>