<?xml version="1.0" encoding="UTF-8"?>
<!DOCTYPE generatorConfiguration
        PUBLIC "-//mybatis.org//DTD MyBatis Generator Configuration 1.0//EN"
        "http://mybatis.org/dtd/mybatis-generator-config_1_0.dtd">
<generatorConfiguration>
    <context id="mysqlTables" targetRuntime="MyBatis3" defaultModelType="flat">

        <!-- 自动检查关键字，为关键字增加反引号，如：`type` -->
        <property name="autoDelimitKeywords" value="true"/>
        <property name="beginningDelimiter" value="`"/>
        <property name="endingDelimiter" value="`"/>
        <!-- 指定生成的 Java 文件编码 -->
        <property name="javaFileEncoding" value="UTF-8"/>

        <!-- 对生成的注释进行控制 -->
        <commentGenerator>
            <!-- 由于此插件生成的注释不太美观，这里设置不生成任何注释 -->
            <property name="suppressAllComments" value="true"/>
        </commentGenerator>

        <!-- 数据库链接 -->
        <jdbcConnection driverClass="com.mysql.cj.jdbc.Driver"
                        connectionURL="jdbc:mysql://127.0.0.1:3306/xiaohashu"
                        userId="root"
                        password="123456">
            <!-- 解决多个重名的表生成表结构不一致问题 -->
            <property name="nullCatalogMeansCurrent" value="true"/>
        </jdbcConnection>

        <!-- 不强制将所有的数值类型映射为 Java 的 BigDecimal 类型 -->
        <javaTypeResolver>
            <property name="forceBigDecimals" value="false"/>
        </javaTypeResolver>

        <!-- DO 实体类存放路径 -->
        <javaModelGenerator targetPackage="com.quanxiaoha.xiaohashu.comment.biz.domain.dataobject"
                            targetProject="src/main/java"/>

        <!-- Mapper xml 文件存放路径-->
        <sqlMapGenerator targetPackage="mapper"
                         targetProject="src/main/resources"/>

        <!-- Mapper 接口存放路径 -->
        <javaClientGenerator type="XMLMAPPER" targetPackage="com.quanxiaoha.xiaohashu.comment.biz.domain.mapper"
                             targetProject="src/main/java"/>

        <!-- 需要生成的表-实体类 -->
        <table tableName="t_note_count" domainObjectName="NoteCountDO"
               enableCountByExample="false"
               enableUpdateByExample="false"
               enableDeleteByExample="false"
               enableSelectByExample="false"
               selectByExampleQueryId="false"/>
    </context>
</generatorConfiguration>