<?xml version="1.0" encoding="UTF-8"?>
<!DOCTYPE mapper PUBLIC "-//mybatis.org//DTD Mapper 3.0//EN" "http://mybatis.org/dtd/mybatis-3-mapper.dtd">
<mapper namespace="com.quanxiaoha.xiaohashu.note.biz.domain.mapper.ChannelTopicRelDOMapper">
  <resultMap id="BaseResultMap" type="com.quanxiaoha.xiaohashu.note.biz.domain.dataobject.ChannelTopicRelDO">
    <id column="id" jdbcType="BIGINT" property="id" />
    <result column="channel_id" jdbcType="BIGINT" property="channelId" />
    <result column="topic_id" jdbcType="BIGINT" property="topicId" />
    <result column="create_time" jdbcType="TIMESTAMP" property="createTime" />
    <result column="update_time" jdbcType="TIMESTAMP" property="updateTime" />
  </resultMap>
  <sql id="Base_Column_List">
    id, channel_id, topic_id, create_time, update_time
  </sql>
  <select id="selectByPrimaryKey" parameterType="java.lang.Long" resultMap="BaseResultMap">
    select 
    <include refid="Base_Column_List" />
    from t_channel_topic_rel
    where id = #{id,jdbcType=BIGINT}
  </select>
  <delete id="deleteByPrimaryKey" parameterType="java.lang.Long">
    delete from t_channel_topic_rel
    where id = #{id,jdbcType=BIGINT}
  </delete>
  <insert id="insert" parameterType="com.quanxiaoha.xiaohashu.note.biz.domain.dataobject.ChannelTopicRelDO">
    insert into t_channel_topic_rel (id, channel_id, topic_id, 
      create_time, update_time)
    values (#{id,jdbcType=BIGINT}, #{channelId,jdbcType=BIGINT}, #{topicId,jdbcType=BIGINT}, 
      #{createTime,jdbcType=TIMESTAMP}, #{updateTime,jdbcType=TIMESTAMP})
  </insert>
  <insert id="insertSelective" parameterType="com.quanxiaoha.xiaohashu.note.biz.domain.dataobject.ChannelTopicRelDO">
    insert into t_channel_topic_rel
    <trim prefix="(" suffix=")" suffixOverrides=",">
      <if test="id != null">
        id,
      </if>
      <if test="channelId != null">
        channel_id,
      </if>
      <if test="topicId != null">
        topic_id,
      </if>
      <if test="createTime != null">
        create_time,
      </if>
      <if test="updateTime != null">
        update_time,
      </if>
    </trim>
    <trim prefix="values (" suffix=")" suffixOverrides=",">
      <if test="id != null">
        #{id,jdbcType=BIGINT},
      </if>
      <if test="channelId != null">
        #{channelId,jdbcType=BIGINT},
      </if>
      <if test="topicId != null">
        #{topicId,jdbcType=BIGINT},
      </if>
      <if test="createTime != null">
        #{createTime,jdbcType=TIMESTAMP},
      </if>
      <if test="updateTime != null">
        #{updateTime,jdbcType=TIMESTAMP},
      </if>
    </trim>
  </insert>
  <update id="updateByPrimaryKeySelective" parameterType="com.quanxiaoha.xiaohashu.note.biz.domain.dataobject.ChannelTopicRelDO">
    update t_channel_topic_rel
    <set>
      <if test="channelId != null">
        channel_id = #{channelId,jdbcType=BIGINT},
      </if>
      <if test="topicId != null">
        topic_id = #{topicId,jdbcType=BIGINT},
      </if>
      <if test="createTime != null">
        create_time = #{createTime,jdbcType=TIMESTAMP},
      </if>
      <if test="updateTime != null">
        update_time = #{updateTime,jdbcType=TIMESTAMP},
      </if>
    </set>
    where id = #{id,jdbcType=BIGINT}
  </update>
  <update id="updateByPrimaryKey" parameterType="com.quanxiaoha.xiaohashu.note.biz.domain.dataobject.ChannelTopicRelDO">
    update t_channel_topic_rel
    set channel_id = #{channelId,jdbcType=BIGINT},
      topic_id = #{topicId,jdbcType=BIGINT},
      create_time = #{createTime,jdbcType=TIMESTAMP},
      update_time = #{updateTime,jdbcType=TIMESTAMP}
    where id = #{id,jdbcType=BIGINT}
  </update>
</mapper>