<?xml version="1.0" encoding="UTF-8"?>
<!DOCTYPE mapper PUBLIC "-//mybatis.org//DTD Mapper 3.0//EN" "http://mybatis.org/dtd/mybatis-3-mapper.dtd">
<mapper namespace="com.quanxiaoha.xiaohashu.note.biz.domain.mapper.ChannelDOMapper">
  <resultMap id="BaseResultMap" type="com.quanxiaoha.xiaohashu.note.biz.domain.dataobject.ChannelDO">
    <id column="id" jdbcType="BIGINT" property="id" />
    <result column="name" jdbcType="VARCHAR" property="name" />
    <result column="create_time" jdbcType="TIMESTAMP" property="createTime" />
    <result column="update_time" jdbcType="TIMESTAMP" property="updateTime" />
    <result column="is_deleted" jdbcType="BIT" property="isDeleted" />
  </resultMap>
  <sql id="Base_Column_List">
    id, `name`, create_time, update_time, is_deleted
  </sql>
  <select id="selectByPrimaryKey" parameterType="java.lang.Long" resultMap="BaseResultMap">
    select 
    <include refid="Base_Column_List" />
    from t_channel
    where id = #{id,jdbcType=BIGINT}
  </select>
  <delete id="deleteByPrimaryKey" parameterType="java.lang.Long">
    delete from t_channel
    where id = #{id,jdbcType=BIGINT}
  </delete>
  <insert id="insert" parameterType="com.quanxiaoha.xiaohashu.note.biz.domain.dataobject.ChannelDO">
    insert into t_channel (id, `name`, create_time, 
      update_time, is_deleted)
    values (#{id,jdbcType=BIGINT}, #{name,jdbcType=VARCHAR}, #{createTime,jdbcType=TIMESTAMP}, 
      #{updateTime,jdbcType=TIMESTAMP}, #{isDeleted,jdbcType=BIT})
  </insert>
  <insert id="insertSelective" parameterType="com.quanxiaoha.xiaohashu.note.biz.domain.dataobject.ChannelDO">
    insert into t_channel
    <trim prefix="(" suffix=")" suffixOverrides=",">
      <if test="id != null">
        id,
      </if>
      <if test="name != null">
        `name`,
      </if>
      <if test="createTime != null">
        create_time,
      </if>
      <if test="updateTime != null">
        update_time,
      </if>
      <if test="isDeleted != null">
        is_deleted,
      </if>
    </trim>
    <trim prefix="values (" suffix=")" suffixOverrides=",">
      <if test="id != null">
        #{id,jdbcType=BIGINT},
      </if>
      <if test="name != null">
        #{name,jdbcType=VARCHAR},
      </if>
      <if test="createTime != null">
        #{createTime,jdbcType=TIMESTAMP},
      </if>
      <if test="updateTime != null">
        #{updateTime,jdbcType=TIMESTAMP},
      </if>
      <if test="isDeleted != null">
        #{isDeleted,jdbcType=BIT},
      </if>
    </trim>
  </insert>
  <update id="updateByPrimaryKeySelective" parameterType="com.quanxiaoha.xiaohashu.note.biz.domain.dataobject.ChannelDO">
    update t_channel
    <set>
      <if test="name != null">
        `name` = #{name,jdbcType=VARCHAR},
      </if>
      <if test="createTime != null">
        create_time = #{createTime,jdbcType=TIMESTAMP},
      </if>
      <if test="updateTime != null">
        update_time = #{updateTime,jdbcType=TIMESTAMP},
      </if>
      <if test="isDeleted != null">
        is_deleted = #{isDeleted,jdbcType=BIT},
      </if>
    </set>
    where id = #{id,jdbcType=BIGINT}
  </update>
  <update id="updateByPrimaryKey" parameterType="com.quanxiaoha.xiaohashu.note.biz.domain.dataobject.ChannelDO">
    update t_channel
    set `name` = #{name,jdbcType=VARCHAR},
      create_time = #{createTime,jdbcType=TIMESTAMP},
      update_time = #{updateTime,jdbcType=TIMESTAMP},
      is_deleted = #{isDeleted,jdbcType=BIT}
    where id = #{id,jdbcType=BIGINT}
  </update>
</mapper>